{
  "firestore": {
    "rules": "firestore.rules",
    "indexes": "firestore.indexes.json"
  },
  "storage": {
    "rules": "storage.rules"
  },
  "hosting": {
    "public": "build/web",
    "ignore": [
      "firebase.json",
      "**/.*",
      "**/node_modules/**"
    ],
    "rewrites": [
      {
        "source": "**",
        "destination": "/index.html"
      }
    ]
  },
  "functions": {
    "predeploy": [
      "npm --prefix \"$RESOURCE_DIR\" run lint",
      "npm --prefix \"$RESOURCE_DIR\" run build"
    ],
    "source": "functions"
  },
  "emulators": {
    "auth": {
      "port": 9099
    },
    "firestore": {
      "port": 8080
    },
    "storage": {
      "port": 9199
    },
    "ui": {
      "enabled": true
    }
  }
}
